cutoff,avg_E_CD,avg_E_CO,se_E_CD,se_E_CO,std_E_CD,std_E_CO
7,35.65468468775371,-58.946871862433916,2.067174321914257,1.4213133785238785,20.774844822413197,14.284022672800095
