cutoff,avg_bond1_1,avg_bond1_2,avg_bond2_1,avg_bond2_2,se_bond1_1,se_bond1_2,se_bond2_1,se_bond2_2,std_bond1_1,std_bond1_2,std_bond2_1,std_bond2_2
7,-64.4816895565967,-54.445043481029636,33.85356011657782,33.638911131057576,1.6118613959706047,1.4606747823035167,1.572017275138776,2.9853608171815296,16.199006547990866,14.679599885058176,15.798578089398076,30.002504896842193
